,Unnamed: 0,Team,Start X,Start Y,Start Frame,From,to_team,End X,End Y,End Frame,To,play,Type,Period,Start Time [s],End Time [s]
33,0,Home,12.440841015378524,24.284477301458686,0,66.0,attack,-13.57466930899951,-24.13632550484096,76.0,26.0,Liverpool [2] - 0 Man City,PASS,1,0.0,3.8
34,1,Home,-22.764998132284923,-23.708562959861816,100,26.0,attack,-43.95498226902073,5.508465960130977,140.0,11.0,Liverpool [2] - 0 Man City,PASS,1,5.0,7.0
